cpp,heartbeat,encode,zproto_nopack,18,7822923
cpp,heartbeat,encode_pack,zproto_pack,13,5264982
cpp,heartbeat,decode,zproto_nopack,18,14187200
cpp,heartbeat,unpack_decode,zproto_pack,13,6829643
cpp,frame,encode,zproto_nopack,46,4624316
cpp,frame,encode_pack,zproto_pack,24,3222027
cpp,frame,decode,zproto_nopack,46,12235948
cpp,frame,unpack_decode,zproto_pack,24,3748092
cpp,login,encode,zproto_nopack,43,5379395
cpp,login,encode_pack,zproto_pack,35,3086045
cpp,login,decode,zproto_nopack,43,11073645
cpp,login,unpack_decode,zproto_pack,35,3447429
cpp,chat,encode,zproto_nopack,150,1784171
cpp,chat,encode_pack,zproto_pack,74,1181371
cpp,chat,decode,zproto_nopack,150,2717527
cpp,chat,unpack_decode,zproto_pack,74,1075561
cpp,snapshot,encode,zproto_nopack,3376,97864
cpp,snapshot,encode_pack,zproto_pack,1162,66863
cpp,snapshot,decode,zproto_nopack,3376,177895
cpp,snapshot,unpack_decode,zproto_pack,1162,59432
cpp,alltypes,encode,zproto_nopack,3492,91194
cpp,alltypes,encode_pack,zproto_pack,1511,60756
cpp,alltypes,decode,zproto_nopack,3492,151792
cpp,alltypes,unpack_decode,zproto_pack,1511,54149
